{
  "config": {
    "vocab_size": 32000,
    "d_model": 768,
    "n_layers_student": 6,
    "n_layers_teacher": 12,
    "core_capacity_student": 64,
    "core_capacity_teacher": 256,
    "batch_size": 32,
    "learning_rate": 0.0001,
    "total_epochs": 17,
    "max_len": 64,
    "device": "cuda"
  },
  "metrics": {
    "epoch_losses": [
      0.010296021013136822,
      0.0029912655756544,
      0.0027878990459342164,
      0.002548948763468014,
      0.0020730878782872194,
      0.0004950638872737916,
      5.8762489828450706e-05,
      2.6548925280729427e-05,
      1.7237025726042256e-05,
      1.306130491338816e-05,
      1.063072666935526e-05,
      8.999697043987798e-06,
      7.868377553514699e-06,
      6.987766978207614e-06,
      6.2832586468102935e-06,
      5.717546118191535e-06,
      5.268382181430859e-06
    ],
    "training_times": [
      9.51648235321045,
      9.339064598083496,
      9.296096801757812,
      9.524807214736938,
      9.538552045822144,
      9.571046829223633,
      10.10557770729065,
      9.988200187683105,
      10.34260869026184,
      10.936878204345703,
      10.70279598236084,
      11.17616868019104,
      12.35097861289978,
      13.111202001571655,
      12.136162519454956,
      11.644800662994385,
      11.562392711639404
    ],
    "total_iterations": 5321,
    "total_training_time": 180.85481119155884
  },
  "final_model_test": {
    "test_sentences": [
      [
        "안녕하세요",
        "Hello"
      ],
      [
        "감사합니다",
        "Thank you"
      ],
      [
        "실시간 번역",
        "real-time translation"
      ]
    ],
    "results": "see console output"
  }
}